"","ACC","PREC","REC","F1"
"Linear",0.751,0.756025643654749,0.744,0.748593852990244
"Radial_0.001",0.735,0.723903972540579,0.768,0.743198046449956
"Radial_0.01",0.767,0.780164313689443,0.746,0.761409276951505
"Radial_0.1",0.807,0.868392256526389,0.726,0.790096356607745
"Radial_1",0.775,0.785876627160643,0.76,0.771415427462398
