"","ACC","PREC","REC","F1"
"Linear",0.8,0,0,0
"Radial_0.001",0.8,0,0,0
"Radial_0.01",0.8,0,0,0
"Radial_0.1",0.886,0.842534622240505,0.54293747188484,0.65437214218216
"Radial_1",0.857,0.757489177489177,0.407880598933231,0.522418272177142
