"","ACC","PREC","REC","F1"
"Linear",0.755,0.75302097452911,0.752180776825584,0.749943443864961
"Radial_0.001",0.745,0.732713207346564,0.782925752729565,0.751694081387199
"Radial_0.01",0.765,0.77725891412626,0.739581281807358,0.754657892681846
"Radial_0.1",0.812,0.873106504003788,0.72992961822681,0.793173363958345
"Radial_1",0.756,0.76462798595153,0.747795258468455,0.752026968190552
