"","ACC","PREC","REC","F1"
"Linear",0.716,0.705943125822132,0.740826053649448,0.721026379032532
"Radial_0.001",0.702,0.668687555629648,0.815337846041576,0.732585444280434
"Radial_0.01",0.733,0.719370284510229,0.766622876781217,0.739974695465821
"Radial_0.1",0.856,0.873683973534671,0.833264983147797,0.852068720753098
"Radial_1",0.794,0.848325062584581,0.721033766740176,0.776594127093588
