"","ACC","PREC","REC","F1"
"Linear",0.821,0.66452380952381,0.175,0.270959188959189
"Radial_0.001",0.8,0,0,0
"Radial_0.01",0.8,0,0,0
"Radial_0.1",0.88,0.841269482151835,0.49,0.614115302606682
"Radial_1",0.827,0.667839105339105,0.265,0.376056904904513
