"","ACC","PREC","REC","F1"
"Linear",0.718,0.715232844524726,0.728,0.720042364258335
"Radial_0.001",0.706,0.671131520908259,0.816,0.735184390131939
"Radial_0.01",0.741,0.72787745105766,0.772,0.748496412389051
"Radial_0.1",0.858,0.879268673195167,0.832,0.854200501658876
"Radial_1",0.795,0.838110463826264,0.732,0.781080318119001
