"","ACC","PREC","REC","F1"
"Linear",0.729,0.411337658566076,0.77,0.53439254265933
"Radial_0.001",0.73,0.416874180825735,0.8,0.54612547197008
"Radial_0.01",0.754,0.440627950480892,0.81,0.5695845556095
"Radial_0.1",0.829,0.555508786359118,0.79,0.648322031046113
"Radial_1",0.819,0.56878079436903,0.39,0.457398414979417
