"","ACC","PREC","REC","F1"
"Linear",0.797,0,0,0
"Radial_0.001",0.8,0,0,0
"Radial_0.01",0.8,0,0,0
"Radial_0.1",0.889,0.854920275802629,0.535,0.646779696191461
"Radial_1",0.858,0.780616883116883,0.415,0.538893105629348
