"","ACC","PREC","REC","F1"
"Linear",0.824,0.731666666666667,0.178072133367597,0.28069696969697
"Radial_0.001",0.8,0,0,0
"Radial_0.01",0.8,0,0,0
"Radial_0.1",0.884,0.847786935286935,0.537594826260023,0.648264556065282
"Radial_1",0.83,0.704642857142857,0.279571770771966,0.38591780738231
