"","ACC","PREC","REC","F1"
"Linear",0.748,0.430738123860757,0.735,0.539598585110351
"Radial_0.001",0.671,0.364557186923189,0.815,0.501071744918174
"Radial_0.01",0.772,0.465233370382859,0.755,0.570790800658858
"Radial_0.1",0.864,0.659425579322638,0.685,0.666991299599995
"Radial_1",0.856,0.700025317819435,0.495,0.577549022475493
